Dataset Index,Execution,Algorithm Type,Radius,Silhouette,Rand Index,Duration
0,1,np,153.2867349151143,0.32400814816171397,0.5192664881569395,0.03494763374328613
0,2,approx1,155.66630977832037,0.16398078376122177,0.32371656858430203,0.022525310516357422
0,3,approx2_5,213.29029513787074,0.08296922029986462,0.10336177158534793,0.0012524127960205078
0,4,approx2_10,177.74191261489227,0.1300543165028276,0.22275729696211766,0.002092123031616211
0,5,approx2_15,159.96772135340305,0.1961200426327715,0.33971156174505585,0.00311279296875
0,6,approx2_20,151.08062572265845,0.18116280764909368,0.3510702245861875,0.004280805587768555
0,7,approx2_25,151.08062572265845,0.18116280764909368,0.3510702245861875,0.004642963409423828
0,8,np,150.68456566311502,0.3028522420170522,0.5113266873229814,0.003620624542236328
0,9,approx1,155.66630977832037,0.16398078376122177,0.32371656858430203,0.022071361541748047
0,10,approx2_5,213.29029513787074,0.08296922029986462,0.10336177158534793,0.0011489391326904297
0,11,approx2_10,177.74191261489227,0.1300543165028276,0.22275729696211766,0.0020399093627929688
0,12,approx2_15,159.96772135340305,0.1961200426327715,0.33971156174505585,0.003116607666015625
0,13,approx2_20,151.08062572265845,0.18116280764909368,0.3510702245861875,0.004250288009643555
0,14,approx2_25,151.08062572265845,0.18116280764909368,0.3510702245861875,0.00461125373840332
1,1,np,12.80117182136073,0.15661893692265436,0.1676671431870994,0.009232044219970703
1,2,approx1,11.357816691600547,0.0988455193861159,0.09865795267527834,0.12328243255615234
1,3,approx2_5,15.724185193516387,0.08414326744616368,0.05609237816982474,0.0013206005096435547
1,4,approx2_10,11.79313889513729,0.10510652462745454,0.08087840485208549,0.002588987350463867
1,5,approx2_15,11.79313889513729,0.10510652462745454,0.08087840485208549,0.0035254955291748047
1,6,approx2_20,10.810377320542516,0.11238773087703428,0.1020247106800503,0.005265474319458008
1,7,approx2_25,10.810377320542516,0.11238773087703428,0.1020247106800503,0.006406545639038086
1,8,np,12.713450403815743,0.1427347150403578,0.14548486612446354,0.007530689239501953
1,9,approx1,11.357816691600547,0.0988455193861159,0.09865795267527834,0.10921096801757812
1,10,approx2_5,15.724185193516387,0.08414326744616368,0.05609237816982474,0.0013248920440673828
1,11,approx2_10,11.79313889513729,0.10510652462745454,0.08087840485208549,0.002777576446533203
1,12,approx2_15,11.79313889513729,0.10510652462745454,0.08087840485208549,0.0042498111724853516
1,13,approx2_20,10.810377320542516,0.11238773087703428,0.1020247106800503,0.012158393859863281
1,14,approx2_25,10.810377320542516,0.11238773087703428,0.1020247106800503,0.006440639495849609
2,1,np,3132.006012624103,0.5378987867574867,0.0,0.005116939544677734
2,2,approx1,1608.8175286788362,0.4832073550883389,0.0,0.013286352157592773
2,3,approx2_5,3244.7381812154817,0.5323160376267815,0.0,0.0024862289428710938
2,4,approx2_10,3244.7381812154817,0.5323160376267815,0.0,0.0035479068756103516
2,5,approx2_15,2433.5536359116113,0.37499100610919767,0.0,0.005044460296630859
2,6,approx2_20,2027.961363259676,0.5135315285473248,0.0,0.00675511360168457
2,7,approx2_25,2027.961363259676,0.5135315285473248,0.0,0.00807809829711914
2,8,np,2362.1086556360096,0.5389078656086761,0.0,0.003812074661254883
2,9,approx1,1608.8175286788362,0.4832073550883389,0.0,0.014114856719970703
2,10,approx2_5,3244.7381812154817,0.5323160376267815,0.0,0.0024847984313964844
2,11,approx2_10,3244.7381812154817,0.5323160376267815,0.0,0.003579378128051758
2,12,approx2_15,2433.5536359116113,0.37499100610919767,0.0,0.005082607269287109
2,13,approx2_20,2027.961363259676,0.5135315285473248,0.0,0.008855819702148438
2,14,approx2_25,2027.961363259676,0.5135315285473248,0.0,0.008204460144042969
3,1,np,4767.184294662459,0.550598271599989,0.0,0.002127408981323242
3,2,approx1,4376.39552768952,0.46780311520612733,0.0,0.003732919692993164
3,3,approx2_5,5983.9623356097445,-0.19497402672563288,0.0,0.001039266586303711
3,4,approx2_10,4487.971751707309,-0.06065381563601228,0.0,0.0018868446350097656
3,5,approx2_15,4487.971751707309,-0.06065381563601228,0.0,0.0038852691650390625
3,6,approx2_20,4487.971751707309,-0.06065381563601228,0.0,0.002796649932861328
3,7,approx2_25,4487.971751707309,-0.06065381563601228,0.0,0.003469705581665039
3,8,np,4767.184294662459,0.550598271599989,0.0,0.0023682117462158203
3,9,approx1,4376.39552768952,0.46780311520612733,0.0,0.002992391586303711
3,10,approx2_5,5983.9623356097445,-0.19497402672563288,0.0,0.0010941028594970703
3,11,approx2_10,4487.971751707309,-0.06065381563601228,0.0,0.0018115043640136719
3,12,approx2_15,4487.971751707309,-0.06065381563601228,0.0,0.0021178722381591797
3,13,approx2_20,4487.971751707309,-0.06065381563601228,0.0,0.00276947021484375
3,14,approx2_25,4487.971751707309,-0.06065381563601228,0.0,0.00408935546875
4,1,np,6.230616603079375,0.1871110620971091,-0.003070832268864584,0.0026063919067382812
4,2,approx1,7.211102550927978,0.09751004800797773,0.20093934661420612,0.0029687881469726562
4,3,approx2_5,9.327379053088816,0.07740480726105614,0.0023638123334721603,0.0002529621124267578
4,4,approx2_10,8.161456671452713,0.07327846665626654,0.19946192450576578,0.0009992122650146484
4,5,approx2_15,7.578495480634663,0.09714245617376946,0.07214834419569528,0.0017998218536376953
4,6,approx2_20,7.578495480634663,0.09714245617376946,0.07214834419569528,0.0018210411071777344
4,7,approx2_25,7.43275518293015,0.09714245617376946,0.07214834419569528,0.0027043819427490234
4,8,np,5.507010391806819,0.20297521397210738,-0.00595470297540751,0.008490800857543945
4,9,approx1,7.211102550927978,0.09751004800797773,0.20093934661420612,0.0030570030212402344
4,10,approx2_5,9.327379053088816,0.07740480726105614,0.0023638123334721603,0.0002589225769042969
4,11,approx2_10,8.161456671452713,0.07327846665626654,0.19946192450576578,0.0009853839874267578
4,12,approx2_15,7.578495480634663,0.09714245617376946,0.07214834419569528,0.0018017292022705078
4,13,approx2_20,7.578495480634663,0.09714245617376946,0.07214834419569528,0.002650022506713867
4,14,approx2_25,7.43275518293015,0.09714245617376946,0.07214834419569528,0.0026841163635253906
5,1,np,38.202724199712584,0.20198346700713424,0.6462796910797162,0.00920557975769043
5,2,approx1,47.83304297240559,0.09395580711365797,0.30924291018242017,0.022135496139526367
5,3,approx2_5,57.37377449671584,0.04705821401249873,0.15415475085524913,0.0011904239654541016
5,4,approx2_10,47.811478747263195,0.10768371260400567,0.42538470625032027,0.0020761489868164062
5,5,approx2_15,47.811478747263195,0.10768371260400567,0.42538470625032027,0.002435445785522461
5,6,approx2_20,47.811478747263195,0.10768371260400567,0.42538470625032027,0.003280162811279297
5,7,approx2_25,47.811478747263195,0.10768371260400567,0.42538470625032027,0.004043102264404297
5,8,np,43.04355492363531,0.16749434704326824,0.5814843643884708,0.005896329879760742
5,9,approx1,47.83304297240559,0.09395580711365797,0.30924291018242017,0.022617101669311523
5,10,approx2_5,57.37377449671584,0.04705821401249873,0.15415475085524913,0.001058816909790039
5,11,approx2_10,47.811478747263195,0.10768371260400567,0.42538470625032027,0.002066373825073242
5,12,approx2_15,47.811478747263195,0.10768371260400567,0.42538470625032027,0.0028891563415527344
5,13,approx2_20,47.811478747263195,0.10768371260400567,0.42538470625032027,0.0032262802124023438
5,14,approx2_25,47.811478747263195,0.10768371260400567,0.42538470625032027,0.004063606262207031
6,1,np,226.2963141865206,0.43531222079131815,0.2693437479261635,0.003117084503173828
6,2,approx1,67.72001181334805,0.591419181654677,0.5236153910081627,0.013568639755249023
6,3,approx2_5,1245.4284152451316,0.21320650121636303,0.01999340473665267,0.0017142295837402344
6,4,approx2_10,622.7142076225658,0.21320650121636303,0.01999340473665267,0.002445697784423828
6,5,approx2_15,311.3571038112829,0.22293974091715857,0.01754593374117101,0.0031969547271728516
6,6,approx2_20,155.67855190564146,0.2268942291377141,0.01512277663737444,0.004292964935302734
6,7,approx2_25,77.83927595282073,0.39308145377759623,0.5315299187205331,0.00535273551940918
6,8,np,210.62843113422772,0.3073819234211132,0.20281979143927042,0.0032083988189697266
6,9,approx1,67.72001181334805,0.591419181654677,0.5236153910081627,0.013238191604614258
6,10,approx2_5,1245.4284152451316,0.21320650121636303,0.01999340473665267,0.001750946044921875
6,11,approx2_10,622.7142076225658,0.21320650121636303,0.01999340473665267,0.0027637481689453125
6,12,approx2_15,311.3571038112829,0.22293974091715857,0.01754593374117101,0.0031867027282714844
6,13,approx2_20,155.67855190564146,0.2268942291377141,0.01512277663737444,0.00401616096496582
6,14,approx2_25,77.83927595282073,0.39308145377759623,0.5315299187205331,0.004758119583129883
7,1,np,506.3813350271913,0.5168121972396802,-0.07615345776547996,0.0030317306518554688
7,2,approx1,329.83448999590144,0.7320636616818826,-0.028135936751261612,0.002949953079223633
7,3,approx2_5,384.8102317284955,-0.19506463087063253,-0.0585230689661602,0.0009746551513671875
7,4,approx2_10,288.6076737963716,-0.19506463087063253,-0.0585230689661602,0.002136707305908203
7,5,approx2_15,288.6076737963716,-0.19506463087063253,-0.0585230689661602,0.002141237258911133
7,6,approx2_20,264.55703431334064,-0.19506463087063253,-0.0585230689661602,0.002894878387451172
7,7,approx2_25,264.55703431334064,-0.19506463087063253,-0.0585230689661602,0.0034308433532714844
7,8,np,506.3813350271913,0.5168121972396802,-0.07615345776547996,0.0023069381713867188
7,9,approx1,329.83448999590144,0.7320636616818826,-0.028135936751261612,0.0030059814453125
7,10,approx2_5,384.8102317284955,-0.19506463087063253,-0.0585230689661602,0.0010502338409423828
7,11,approx2_10,288.6076737963716,-0.19506463087063253,-0.0585230689661602,0.0018227100372314453
7,12,approx2_15,288.6076737963716,-0.19506463087063253,-0.0585230689661602,0.002883434295654297
7,13,approx2_20,264.55703431334064,-0.19506463087063253,-0.0585230689661602,0.0032401084899902344
7,14,approx2_25,264.55703431334064,-0.19506463087063253,-0.0585230689661602,0.0034508705139160156
8,1,np,327.736631388498,0.3308967532006607,0.38544746392847656,0.002792835235595703
8,2,approx1,160.40429542683046,0.17198432377500417,0.11192846822129014,0.0038344860076904297
8,3,approx2_5,379.9384831941239,-0.20962297817684075,0.00015663790735905117,0.00048065185546875
8,4,approx2_10,189.96924159706194,-0.05309975777892782,0.10581194674296064,0.0007183551788330078
8,5,approx2_15,189.96924159706194,-0.05309975777892782,0.10581194674296064,0.0008435249328613281
8,6,approx2_20,189.96924159706194,-0.05309975777892782,0.10581194674296064,0.0012972354888916016
8,7,approx2_25,166.2230863974292,0.062464845495364574,0.27432010956656644,0.0013120174407958984
8,8,np,338.5274814280393,0.29149892122513354,0.2932776235583665,0.0028617382049560547
8,9,approx1,160.40429542683046,0.17198432377500417,0.11192846822129014,0.0041310787200927734
8,10,approx2_5,379.9384831941239,-0.20962297817684075,0.00015663790735905117,0.0005552768707275391
8,11,approx2_10,189.96924159706194,-0.05309975777892782,0.10581194674296064,0.0007231235504150391
8,12,approx2_15,189.96924159706194,-0.05309975777892782,0.10581194674296064,0.0008404254913330078
8,13,approx2_20,189.96924159706194,-0.05309975777892782,0.10581194674296064,0.001046895980834961
8,14,approx2_25,166.2230863974292,0.062464845495364574,0.27432010956656644,0.001317739486694336
9,1,np,8.807799729762069,0.5031931086112075,0.0,0.0017123222351074219
9,2,approx1,11.410218923938315,0.4404375379040338,0.0,0.0029675960540771484
9,3,approx2_5,17.02745917857964,-0.009943393698248754,0.0,0.0014607906341552734
9,4,approx2_10,14.189549315483033,0.07528180694488691,0.0,0.0022308826446533203
9,5,approx2_15,12.770594383934728,0.07528180694488691,0.0,0.0030279159545898438
9,6,approx2_20,12.061116918160577,0.11141198357070393,0.0,0.004558086395263672
9,7,approx2_25,11.7063781852735,0.11141198357070393,0.0,0.0046808719635009766
9,8,np,8.807799729762069,0.5031931086112075,0.0,0.0015552043914794922
9,9,approx1,11.410218923938315,0.4404375379040338,0.0,0.0029761791229248047
9,10,approx2_5,17.02745917857964,-0.009943393698248754,0.0,0.0024116039276123047
9,11,approx2_10,14.189549315483033,0.07528180694488691,0.0,0.0022592544555664062
9,12,approx2_15,12.770594383934728,0.07528180694488691,0.0,0.003010272979736328
9,13,approx2_20,12.061116918160577,0.11141198357070393,0.0,0.004299640655517578
9,14,approx2_25,11.7063781852735,0.11141198357070393,0.0,0.004728078842163086
10,1,np,3.224928372453319,0.4138474024776728,0.6007620282768668,0.007649898529052734
10,2,approx1,3.2914653010433725,0.26080492958289847,0.49321308831703237,0.05930376052856445
10,3,approx2_5,5.283913026227212,0.6359161219498294,0.9946649009329169,0.00331878662109375
10,4,approx2_10,5.283913026227212,0.6359161219498294,0.9946649009329169,0.0033998489379882812
10,5,approx2_15,3.962934769670409,0.37003806426573305,0.7328201624232823,0.0076618194580078125
10,6,approx2_20,3.962934769670409,0.37003806426573305,0.7328201624232823,0.007513761520385742
10,7,approx2_25,3.6326902055312082,0.29181594751630346,0.6276735423568615,0.00881195068359375
10,8,np,3.569453909358096,0.3349814749883496,0.5156834365020367,0.008362054824829102
10,9,approx1,3.2914653010433725,0.26080492958289847,0.49321308831703237,0.04662680625915527
10,10,approx2_5,5.283913026227212,0.6359161219498294,0.9946649009329169,0.003374814987182617
10,11,approx2_10,5.283913026227212,0.6359161219498294,0.9946649009329169,0.0034019947052001953
10,12,approx2_15,3.962934769670409,0.37003806426573305,0.7328201624232823,0.004997968673706055
10,13,approx2_20,3.962934769670409,0.37003806426573305,0.7328201624232823,0.007688283920288086
10,14,approx2_25,3.6326902055312082,0.29181594751630346,0.6276735423568615,0.008154869079589844
11,1,np,0.4922562250233308,0.4699822974310763,0.19856259035043597,0.004487037658691406
11,2,approx1,0.6170290462299572,0.3777506256416005,0.17903273602992203,0.03648257255554199
11,3,approx2_5,0.8426383125650732,0.40781802952489316,0.25028659467500086,0.0033202171325683594
11,4,approx2_10,0.8426383125650732,0.40781802952489316,0.25028659467500086,0.0031783580780029297
11,5,approx2_15,0.6319787344238048,0.45244510926714215,0.2529118238278956,0.005109071731567383
11,6,approx2_20,0.6319787344238048,0.45244510926714215,0.2529118238278956,0.005447864532470703
11,7,approx2_25,0.6319787344238048,0.45244510926714215,0.2529118238278956,0.005842447280883789
11,8,np,0.4707456333656529,0.47485053246447867,0.19440957273956674,0.0055272579193115234
11,9,approx1,0.6170290462299572,0.3777506256416005,0.17903273602992203,0.03233146667480469
11,10,approx2_5,0.8426383125650732,0.40781802952489316,0.25028659467500086,0.0031156539916992188
11,11,approx2_10,0.8426383125650732,0.40781802952489316,0.25028659467500086,0.003192424774169922
11,12,approx2_15,0.6319787344238048,0.45244510926714215,0.2529118238278956,0.005645036697387695
11,13,approx2_20,0.6319787344238048,0.45244510926714215,0.2529118238278956,0.00542449951171875
11,14,approx2_25,0.6319787344238048,0.45244510926714215,0.2529118238278956,0.0057964324951171875
12,1,np,3.215718479177594,0.33033117887732494,0.4417109862730965,0.0049495697021484375
12,2,approx1,3.2941189499449544,0.22201261084122487,0.40813872133214735,0.03241610527038574
12,3,approx2_5,5.5161825539208635,0.5709396739496196,0.6697756538664779,0.002904176712036133
12,4,approx2_10,5.5161825539208635,0.5709396739496196,0.6697756538664779,0.003554105758666992
12,5,approx2_15,4.137136915440648,0.37011880578122947,0.7365940176690434,0.004888057708740234
12,6,approx2_20,3.4476140962005397,0.33020507436755897,0.680567120370625,0.006592750549316406
12,7,approx2_25,3.1028526865804857,0.33595634597616697,0.6696313480267367,0.008773326873779297
12,8,np,3.240782911110395,0.3226286840253347,0.41707568739389594,0.003802776336669922
12,9,approx1,3.2941189499449544,0.22201261084122487,0.40813872133214735,0.03255748748779297
12,10,approx2_5,5.5161825539208635,0.5709396739496196,0.6697756538664779,0.0032758712768554688
12,11,approx2_10,5.5161825539208635,0.5709396739496196,0.6697756538664779,0.003602743148803711
12,12,approx2_15,4.137136915440648,0.37011880578122947,0.7365940176690434,0.004925727844238281
12,13,approx2_20,3.4476140962005397,0.33020507436755897,0.680567120370625,0.0063533782958984375
12,14,approx2_25,3.1028526865804857,0.33595634597616697,0.6696313480267367,0.007873773574829102
13,1,np,0.4762063795497554,0.48124639207518655,0.20112731824467525,0.00400233268737793
13,2,approx1,0.5678749376422483,0.4514427280029969,0.19869181095753177,0.041747331619262695
13,3,approx2_5,0.8652570820131705,0.42375948788311774,0.23437262785424348,0.007452964782714844
13,4,approx2_10,0.8652570820131705,0.42375948788311774,0.23437262785424348,0.007902145385742188
13,5,approx2_15,0.6489428115098779,0.45597498186390784,0.23588053383507096,0.019190311431884766
13,6,approx2_20,0.6489428115098779,0.45597498186390784,0.23588053383507096,0.018806934356689453
13,7,approx2_25,0.5948642438840548,0.4147478452499397,0.20439483095405359,0.009795665740966797
13,8,np,0.44756716905241856,0.4841753380556525,0.19956321699554405,0.0043828487396240234
13,9,approx1,0.5678749376422483,0.4514427280029969,0.19869181095753177,0.03203105926513672
13,10,approx2_5,0.8652570820131705,0.42375948788311774,0.23437262785424348,0.003137826919555664
13,11,approx2_10,0.8652570820131705,0.42375948788311774,0.23437262785424348,0.00503993034362793
13,12,approx2_15,0.6489428115098779,0.45597498186390784,0.23588053383507096,0.005234241485595703
13,13,approx2_20,0.6489428115098779,0.45597498186390784,0.23588053383507096,0.006439208984375
13,14,approx2_25,0.5948642438840548,0.4147478452499397,0.20439483095405359,0.008649110794067383
14,1,np,3.2385067255090045,0.33586074677568306,0.5176475836024006,0.00436711311340332
14,2,approx1,3.7880740514278575,0.25912076025824043,0.5100353956497716,0.032326459884643555
14,3,approx2_5,4.5875746943711135,0.4326025980458851,0.7956596201470771,0.003089427947998047
14,4,approx2_10,4.5875746943711135,0.4326025980458851,0.7956596201470771,0.0032346248626708984
14,5,approx2_15,3.440681020778335,0.2937422832108619,0.6214997127933016,0.0050792694091796875
14,6,approx2_20,3.440681020778335,0.2937422832108619,0.6214997127933016,0.005262613296508789
14,7,approx2_25,3.440681020778335,0.2937422832108619,0.6214997127933016,0.006692409515380859
14,8,np,2.9154063921760294,0.32088323655618795,0.5164967429276288,0.004059791564941406
14,9,approx1,3.7880740514278575,0.25912076025824043,0.5100353956497716,0.033649444580078125
14,10,approx2_5,4.5875746943711135,0.4326025980458851,0.7956596201470771,0.0031282901763916016
14,11,approx2_10,4.5875746943711135,0.4326025980458851,0.7956596201470771,0.0032346248626708984
14,12,approx2_15,3.440681020778335,0.2937422832108619,0.6214997127933016,0.004957675933837891
14,13,approx2_20,3.440681020778335,0.2937422832108619,0.6214997127933016,0.0051953792572021484
14,14,approx2_25,3.440681020778335,0.2937422832108619,0.6214997127933016,0.0057370662689208984
15,1,np,0.5559219226615232,0.47703438781432533,0.19687430299959213,0.004411220550537109
15,2,approx1,0.6623395569476477,0.3667388698554222,0.20848744224930493,0.032608747482299805
15,3,approx2_5,0.8751896670471753,0.4580161114081851,0.32275053477157584,0.0034008026123046875
15,4,approx2_10,0.8751896670471753,0.4580161114081851,0.32275053477157584,0.003308534622192383
15,5,approx2_15,0.6563922502853814,0.43760942103417494,0.21412369901770156,0.00532984733581543
15,6,approx2_20,0.6563922502853814,0.43760942103417494,0.21412369901770156,0.005696296691894531
15,7,approx2_25,0.6563922502853814,0.43760942103417494,0.21412369901770156,0.006872415542602539
15,8,np,0.5559219226615232,0.4760542441915366,0.19607692881513367,0.004425525665283203
15,9,approx1,0.6623395569476477,0.3667388698554222,0.20848744224930493,0.03288698196411133
15,10,approx2_5,0.8751896670471753,0.4580161114081851,0.32275053477157584,0.003285646438598633
15,11,approx2_10,0.8751896670471753,0.4580161114081851,0.32275053477157584,0.003304719924926758
15,12,approx2_15,0.6563922502853814,0.43760942103417494,0.21412369901770156,0.007289886474609375
15,13,approx2_20,0.6563922502853814,0.43760942103417494,0.21412369901770156,0.008260965347290039
15,14,approx2_25,0.6563922502853814,0.43760942103417494,0.21412369901770156,0.006939411163330078
16,1,np,3.8850735303662147,0.335547606344585,0.4477831597797775,0.00412440299987793
16,2,approx1,3.2957439882477604,0.23485344186896145,0.6044906575644301,0.03234577178955078
16,3,approx2_5,6.225265023406618,0.7144303080278895,0.7120365929897008,0.0030755996704101562
16,4,approx2_10,3.112632511703309,0.2834504211415809,0.5636543693583103,0.004578113555908203
16,5,approx2_15,3.112632511703309,0.2834504211415809,0.5636543693583103,0.004709720611572266
16,6,approx2_20,3.112632511703309,0.2834504211415809,0.5636543693583103,0.004783153533935547
16,7,approx2_25,3.112632511703309,0.2834504211415809,0.5636543693583103,0.00562286376953125
16,8,np,3.9264134884930137,0.3283888917758033,0.4359776578385891,0.0037374496459960938
16,9,approx1,3.2957439882477604,0.23485344186896145,0.6044906575644301,0.03315091133117676
16,10,approx2_5,6.225265023406618,0.7144303080278895,0.7120365929897008,0.0031113624572753906
16,11,approx2_10,3.112632511703309,0.2834504211415809,0.5636543693583103,0.004637241363525391
16,12,approx2_15,3.112632511703309,0.2834504211415809,0.5636543693583103,0.004713535308837891
16,13,approx2_20,3.112632511703309,0.2834504211415809,0.5636543693583103,0.00486445426940918
16,14,approx2_25,3.112632511703309,0.2834504211415809,0.5636543693583103,0.006688594818115234
17,1,np,0.4673815615796658,0.46284947847185604,0.19641011737515465,0.0045642852783203125
17,2,approx1,0.6339025831932696,0.45467780202183306,0.21197014211242976,0.032482147216796875
17,3,approx2_5,0.8763787704074981,0.41705222864634167,0.28501620745282946,0.0030851364135742188
17,4,approx2_10,0.8763787704074981,0.41705222864634167,0.28501620745282946,0.0032422542572021484
17,5,approx2_15,0.6572840778056236,0.4574954921134876,0.23111386808014925,0.0049228668212890625
17,6,approx2_20,0.5477367315046864,0.4347843262495725,0.19730664981685586,0.006956815719604492
17,7,approx2_25,0.5477367315046864,0.4347843262495725,0.19730664981685586,0.007151603698730469
17,8,np,0.513899522365493,0.4745078097099718,0.20138797566853667,0.0038611888885498047
17,9,approx1,0.6339025831932696,0.45467780202183306,0.21197014211242976,0.03263044357299805
17,10,approx2_5,0.8763787704074981,0.41705222864634167,0.28501620745282946,0.003110647201538086
17,11,approx2_10,0.8763787704074981,0.41705222864634167,0.28501620745282946,0.0033462047576904297
17,12,approx2_15,0.6572840778056236,0.4574954921134876,0.23111386808014925,0.0049054622650146484
17,13,approx2_20,0.5477367315046864,0.4347843262495725,0.19730664981685586,0.006917476654052734
17,14,approx2_25,0.5477367315046864,0.4347843262495725,0.19730664981685586,0.007947921752929688
18,1,np,3.2357404821154288,0.3266367921675332,0.4765653100575218,0.0043506622314453125
18,2,approx1,3.4460789299094863,0.23737499393476094,0.49636028416952216,0.03176259994506836
18,3,approx2_5,6.408613377781304,0.7763736509472463,0.7120365929897008,0.0029382705688476562
18,4,approx2_10,3.204306688890652,0.2457306402445114,0.532292426537645,0.004486799240112305
18,5,approx2_15,3.204306688890652,0.2457306402445114,0.532292426537645,0.004487514495849609
18,6,approx2_20,3.204306688890652,0.2457306402445114,0.532292426537645,0.0047190189361572266
18,7,approx2_25,3.204306688890652,0.2457306402445114,0.532292426537645,0.006030082702636719
18,8,np,3.890558340864427,0.33347754547922887,0.46477226160022556,0.004366397857666016
18,9,approx1,3.4460789299094863,0.23737499393476094,0.49636028416952216,0.03316974639892578
18,10,approx2_5,6.408613377781304,0.7763736509472463,0.7120365929897008,0.0029397010803222656
18,11,approx2_10,3.204306688890652,0.2457306402445114,0.532292426537645,0.004470109939575195
18,12,approx2_15,3.204306688890652,0.2457306402445114,0.532292426537645,0.004607200622558594
18,13,approx2_20,3.204306688890652,0.2457306402445114,0.532292426537645,0.004766225814819336
18,14,approx2_25,3.204306688890652,0.2457306402445114,0.532292426537645,0.00706028938293457
19,1,np,0.43724448163439555,0.48558184300022866,0.19675802615115667,0.0041351318359375
19,2,approx1,0.5707532637669738,0.4029394561739159,0.2208318818969135,0.03481936454772949
19,3,approx2_5,0.8634802500357838,0.2877219906659153,0.30050138896734113,0.004277944564819336
19,4,approx2_10,0.8634802500357838,0.2877219906659153,0.30050138896734113,0.003265380859375
19,5,approx2_15,0.6476101875268379,0.3765702052956397,0.22861223563925315,0.005031108856201172
19,6,approx2_20,0.6476101875268379,0.3765702052956397,0.22861223563925315,0.00522303581237793
19,7,approx2_25,0.6476101875268379,0.3765702052956397,0.22861223563925315,0.006136417388916016
19,8,np,0.44025557153159767,0.48449324455295734,0.19549546018224861,0.003972291946411133
19,9,approx1,0.5707532637669738,0.4029394561739159,0.2208318818969135,0.03379416465759277
19,10,approx2_5,0.8634802500357838,0.2877219906659153,0.30050138896734113,0.0032062530517578125
19,11,approx2_10,0.8634802500357838,0.2877219906659153,0.30050138896734113,0.0032587051391601562
19,12,approx2_15,0.6476101875268379,0.3765702052956397,0.22861223563925315,0.005035400390625
19,13,approx2_20,0.6476101875268379,0.3765702052956397,0.22861223563925315,0.005286693572998047
19,14,approx2_25,0.6476101875268379,0.3765702052956397,0.22861223563925315,0.00551152229309082
20,1,np,3.5494985080232997,0.4386952862501555,0.5643500699753401,0.0029764175415039062
20,2,approx1,3.767958832698574,0.29685621583998845,0.38049222919275105,0.012655973434448242
20,3,approx2_5,6.880439485199081,0.31967153038984514,0.507006497730473,0.00370025634765625
20,4,approx2_10,5.160329613899311,0.35669769774935484,0.6384694096963476,0.004723310470581055
20,5,approx2_15,4.300274678249425,0.19655315769334597,0.5130004656986455,0.007638216018676758
20,6,approx2_20,3.870247210424483,0.1996885493064154,0.45109344807170476,0.008359670639038086
20,7,approx2_25,3.870247210424483,0.1996885493064154,0.45109344807170476,0.008724451065063477
20,8,np,3.7167332211863,0.3681356892057406,0.517930422256838,0.003444194793701172
20,9,approx1,3.767958832698574,0.29685621583998845,0.38049222919275105,0.013436079025268555
20,10,approx2_5,6.880439485199081,0.31967153038984514,0.507006497730473,0.0029916763305664062
20,11,approx2_10,5.160329613899311,0.35669769774935484,0.6384694096963476,0.004398822784423828
20,12,approx2_15,4.300274678249425,0.19655315769334597,0.5130004656986455,0.005841255187988281
20,13,approx2_20,3.870247210424483,0.1996885493064154,0.45109344807170476,0.007397890090942383
20,14,approx2_25,3.870247210424483,0.1996885493064154,0.45109344807170476,0.008651971817016602
21,1,np,3.6563127079435693,0.3381778444376883,0.3103210454089548,0.004529714584350586
21,2,approx1,3.3536095174873153,0.16756661331010236,0.11221954381738435,0.01912212371826172
21,3,approx2_5,5.272569217678144,-0.07860542800488717,0.03970694828566576,0.002279043197631836
21,4,approx2_10,3.954426913258608,0.05741701147822824,0.2490792646944943,0.003405332565307617
21,5,approx2_15,3.2953557610488398,0.12155318853702361,0.24935722074770908,0.005096435546875
21,6,approx2_20,3.2953557610488398,0.12155318853702361,0.24935722074770908,0.005303621292114258
21,7,approx2_25,3.2953557610488398,0.12155318853702361,0.24935722074770908,0.008005142211914062
21,8,np,3.655349204554054,0.3365470921331578,0.31391716182850943,0.0033850669860839844
21,9,approx1,3.3536095174873153,0.16756661331010236,0.11221954381738435,0.012232780456542969
21,10,approx2_5,5.272569217678144,-0.07860542800488717,0.03970694828566576,0.005212306976318359
21,11,approx2_10,3.954426913258608,0.05741701147822824,0.2490792646944943,0.0033769607543945312
21,12,approx2_15,3.2953557610488398,0.12155318853702361,0.24935722074770908,0.009092092514038086
21,13,approx2_20,3.2953557610488398,0.12155318853702361,0.24935722074770908,0.0053408145904541016
21,14,approx2_25,3.2953557610488398,0.12155318853702361,0.24935722074770908,0.005887031555175781
22,1,np,3.64631906420582,0.357469505894052,0.49803437727847943,0.003513813018798828
22,2,approx1,3.8229310937621235,0.360697430474684,0.4638461004415501,0.011967897415161133
22,3,approx2_5,6.932388126830249,0.030170997196348595,0.3265741738391383,0.0028786659240722656
22,4,approx2_10,5.199291095122687,0.0750255764145236,0.43140464219511687,0.004125118255615234
22,5,approx2_15,4.332742579268906,0.16654531419241447,0.6099695008332272,0.005462169647216797
22,6,approx2_20,3.8994683213420154,0.19575306578397636,0.6009766780895631,0.0069048404693603516
22,7,approx2_25,3.8994683213420154,0.19575306578397636,0.6009766780895631,0.007749319076538086
22,8,np,3.257922685021868,0.43210174385918665,0.5307138783261675,0.0030486583709716797
22,9,approx1,3.8229310937621235,0.360697430474684,0.4638461004415501,0.01240229606628418
22,10,approx2_5,6.932388126830249,0.030170997196348595,0.3265741738391383,0.002995729446411133
22,11,approx2_10,5.199291095122687,0.0750255764145236,0.43140464219511687,0.004250764846801758
22,12,approx2_15,4.332742579268906,0.16654531419241447,0.6099695008332272,0.005446434020996094
22,13,approx2_20,3.8994683213420154,0.19575306578397636,0.6009766780895631,0.00680088996887207
22,14,approx2_25,3.8994683213420154,0.19575306578397636,0.6009766780895631,0.007744312286376953
23,1,np,3.3326458494498974,0.39523051423958167,0.6527805518660182,0.0032329559326171875
23,2,approx1,4.09457628101144,0.35614698058376176,0.537738301797833,0.012556791305541992
23,3,approx2_5,4.063671099759334,0.2041638225445452,0.6098667250416435,0.0028891563415527344
23,4,approx2_10,4.063671099759334,0.2041638225445452,0.6098667250416435,0.0031883716583251953
23,5,approx2_15,4.063671099759334,0.2041638225445452,0.6098667250416435,0.003987550735473633
23,6,approx2_20,4.063671099759334,0.2041638225445452,0.6098667250416435,0.005125999450683594
23,7,approx2_25,4.063671099759334,0.2041638225445452,0.6098667250416435,0.006246328353881836
23,8,np,3.2639553701767126,0.41554960803042273,0.6677414292612265,0.002998828887939453
23,9,approx1,4.09457628101144,0.35614698058376176,0.537738301797833,0.014626502990722656
23,10,approx2_5,4.063671099759334,0.2041638225445452,0.6098667250416435,0.0028944015502929688
23,11,approx2_10,4.063671099759334,0.2041638225445452,0.6098667250416435,0.003146648406982422
23,12,approx2_15,4.063671099759334,0.2041638225445452,0.6098667250416435,0.0038690567016601562
23,13,approx2_20,4.063671099759334,0.2041638225445452,0.6098667250416435,0.006148576736450195
23,14,approx2_25,4.063671099759334,0.2041638225445452,0.6098667250416435,0.006221294403076172
24,1,np,4.328749019722181,0.46752547742207023,0.8060119815307997,0.005576372146606445
24,2,approx1,5.13526663554246,0.36885383969434915,0.5505430214288477,0.012212991714477539
24,3,approx2_5,8.147872732093001,0.2793013832328286,0.662856884078032,0.0022552013397216797
24,4,approx2_10,6.110904549069751,0.3062358059241459,0.6482346821232176,0.003523111343383789
24,5,approx2_15,5.092420457558125,0.1944985113007963,0.6056128297208476,0.005278348922729492
24,6,approx2_20,4.583178411802313,0.22060500261885913,0.6656282707733326,0.006371021270751953
24,7,approx2_25,4.583178411802313,0.22060500261885913,0.6656282707733326,0.007071256637573242
24,8,np,4.300180427326114,0.48633051589654935,0.8129570615727357,0.003752470016479492
24,9,approx1,5.13526663554246,0.36885383969434915,0.5505430214288477,0.012439727783203125
24,10,approx2_5,8.147872732093001,0.2793013832328286,0.662856884078032,0.0022916793823242188
24,11,approx2_10,6.110904549069751,0.3062358059241459,0.6482346821232176,0.005362749099731445
24,12,approx2_15,5.092420457558125,0.1944985113007963,0.6056128297208476,0.004920005798339844
24,13,approx2_20,4.583178411802313,0.22060500261885913,0.6656282707733326,0.006335735321044922
24,14,approx2_25,4.583178411802313,0.22060500261885913,0.6656282707733326,0.00847172737121582
25,1,np,3.7777102232835675,0.5115095969513923,0.7609404648311102,0.0036153793334960938
25,2,approx1,4.876868397667102,0.35481639634179973,0.4652860050590972,0.012069225311279297
25,3,approx2_5,6.757156186439373,0.3582925649690336,0.6853069257323287,0.002491474151611328
25,4,approx2_10,5.06786713982953,0.33959485783527166,0.6433100496541401,0.0044651031494140625
25,5,approx2_15,4.223222616524608,0.4368485839235309,0.7563428435808899,0.007743120193481445
25,6,approx2_20,4.223222616524608,0.4368485839235309,0.7563428435808899,0.007710456848144531
25,7,approx2_25,4.223222616524608,0.4368485839235309,0.7563428435808899,0.00733184814453125
25,8,np,3.7098438087917955,0.5175132222267429,0.7854000566994592,0.002752542495727539
25,9,approx1,4.876868397667102,0.35481639634179973,0.4652860050590972,0.012295961380004883
25,10,approx2_5,6.757156186439373,0.3582925649690336,0.6853069257323287,0.002582073211669922
25,11,approx2_10,5.06786713982953,0.33959485783527166,0.6433100496541401,0.003833770751953125
25,12,approx2_15,4.223222616524608,0.4368485839235309,0.7563428435808899,0.005378246307373047
25,13,approx2_20,4.223222616524608,0.4368485839235309,0.7563428435808899,0.006128549575805664
25,14,approx2_25,4.223222616524608,0.4368485839235309,0.7563428435808899,0.008651971817016602
26,1,np,3.420478862188671,0.3582054578986129,0.5078932169904062,0.003377199172973633
26,2,approx1,3.519513833265109,0.19428539114642343,0.21561717327859722,0.013225793838500977
26,3,approx2_5,5.318549598005895,0.07353764241940383,0.2790353104127086,0.0019588470458984375
26,4,approx2_10,3.988912198504422,0.19439546036277733,0.351971536142311,0.0031616687774658203
26,5,approx2_15,3.988912198504422,0.19439546036277733,0.351971536142311,0.012511730194091797
26,6,approx2_20,3.6565028486290534,0.13216626921306338,0.28191038963895565,0.005690813064575195
26,7,approx2_25,3.6565028486290534,0.13216626921306338,0.28191038963895565,0.02006220817565918
26,8,np,3.1772987177936405,0.3680026215889768,0.5124093415528032,0.009048938751220703
26,9,approx1,3.519513833265109,0.19428539114642343,0.21561717327859722,0.02555370330810547
26,10,approx2_5,5.318549598005895,0.07353764241940383,0.2790353104127086,0.0033011436462402344
26,11,approx2_10,3.988912198504422,0.19439546036277733,0.351971536142311,0.0033168792724609375
26,12,approx2_15,3.988912198504422,0.19439546036277733,0.351971536142311,0.010063648223876953
26,13,approx2_20,3.6565028486290534,0.13216626921306338,0.28191038963895565,0.0056383609771728516
26,14,approx2_25,3.6565028486290534,0.13216626921306338,0.28191038963895565,0.007179975509643555
27,1,np,3.594262937781161,0.42653021528256807,0.6534675366908461,0.0030906200408935547
27,2,approx1,4.194325430058299,0.3674478711498986,0.6180463772820388,0.024908065795898438
27,3,approx2_5,6.695580994799491,0.3672846956525737,0.3124062062483837,0.0052738189697265625
27,4,approx2_10,5.021685746099618,0.22686127309226975,0.5066103104118271,0.0038907527923583984
27,5,approx2_15,5.021685746099618,0.22686127309226975,0.5066103104118271,0.005383968353271484
27,6,approx2_20,4.60321193392465,0.24455574674410996,0.5275448298337662,0.03939175605773926
27,7,approx2_25,4.60321193392465,0.24455574674410996,0.5275448298337662,0.007579326629638672
27,8,np,3.333764839235687,0.4002297028557158,0.6277935756773024,0.0031938552856445312
27,9,approx1,4.194325430058299,0.3674478711498986,0.6180463772820388,0.012381792068481445
27,10,approx2_5,6.695580994799491,0.3672846956525737,0.3124062062483837,0.002475261688232422
27,11,approx2_10,5.021685746099618,0.22686127309226975,0.5066103104118271,0.0037469863891601562
27,12,approx2_15,5.021685746099618,0.22686127309226975,0.5066103104118271,0.004877567291259766
27,13,approx2_20,4.60321193392465,0.24455574674410996,0.5275448298337662,0.00649261474609375
27,14,approx2_25,4.60321193392465,0.24455574674410996,0.5275448298337662,0.007500410079956055
28,1,np,4.2197741533067505,0.4301314385698162,0.5276882467785063,0.004545927047729492
28,2,approx1,4.19625155168238,0.26066619454802376,0.3241846269930272,0.013178825378417969
28,3,approx2_5,7.03529039766256,0.2218334069552795,0.31802848511532367,0.0024836063385009766
28,4,approx2_10,5.2764677982469195,0.1604608026082675,0.331234414726524,0.0038161277770996094
28,5,approx2_15,4.3970564985391,0.35598908290845427,0.47561680285976976,0.004987955093383789
28,6,approx2_20,3.9573508486851896,0.22667759161100326,0.42967721489480265,0.006230354309082031
28,7,approx2_25,3.9573508486851896,0.22667759161100326,0.42967721489480265,0.0072174072265625
28,8,np,4.225582632155092,0.40384613229916877,0.5112654937574422,0.0029408931732177734
28,9,approx1,4.19625155168238,0.26066619454802376,0.3241846269930272,0.012170791625976562
28,10,approx2_5,7.03529039766256,0.2218334069552795,0.31802848511532367,0.0032367706298828125
28,11,approx2_10,5.2764677982469195,0.1604608026082675,0.331234414726524,0.0036716461181640625
28,12,approx2_15,4.3970564985391,0.35598908290845427,0.47561680285976976,0.004889726638793945
28,13,approx2_20,3.9573508486851896,0.22667759161100326,0.42967721489480265,0.006183147430419922
28,14,approx2_25,3.9573508486851896,0.22667759161100326,0.42967721489480265,0.007197380065917969
29,1,np,3.894628975332962,0.39216635633180286,0.664304688281261,0.0032126903533935547
29,2,approx1,4.323308685024153,0.2534969673543233,0.4684706013863884,0.012377262115478516
29,3,approx2_5,6.0477975890140785,0.31414469488919444,0.5569360439008003,0.0025343894958496094
29,4,approx2_10,4.535848191760559,0.19548157098511038,0.532455506877893,0.0038945674896240234
29,5,approx2_15,3.779873493133799,0.19678248662658107,0.4562136892902218,0.005442619323730469
29,6,approx2_20,3.401886143820419,0.19472580915367285,0.4619745691426643,0.007016658782958984
29,7,approx2_25,3.401886143820419,0.19472580915367285,0.4619745691426643,0.008931636810302734
29,8,np,3.5312231545990964,0.35716486930929325,0.6380405443926709,0.0026388168334960938
29,9,approx1,4.323308685024153,0.2534969673543233,0.4684706013863884,0.012368917465209961
29,10,approx2_5,6.0477975890140785,0.31414469488919444,0.5569360439008003,0.0028030872344970703
29,11,approx2_10,4.535848191760559,0.19548157098511038,0.532455506877893,0.0037813186645507812
29,12,approx2_15,3.779873493133799,0.19678248662658107,0.4562136892902218,0.005407810211181641
29,13,approx2_20,3.401886143820419,0.19472580915367285,0.4619745691426643,0.006974220275878906
29,14,approx2_25,3.401886143820419,0.19472580915367285,0.4619745691426643,0.008189678192138672
